[
  {
    "model": "catalogue.category",
    "pk": 1,
    "fields": {
      "name": "Clothing",
      "slug": "clothing"
    }
  },
  {
    "model": "catalogue.category",
    "pk": 2,
    "fields": {
      "name": "Shoes",
      "slug": "shoes"
    }
  },
  {
    "model": "catalogue.category",
    "pk": 3,
    "fields": {
      "name": "Accessories",
      "slug": "accessories"
    }
  },
  {
    "model": "catalogue.category",
    "pk": 4,
    "fields": {
      "name": "Watches",
      "slug": "watches"
    }
  },
  {
    "model": "catalogue.category",
    "pk": 5,
    "fields": {
      "name": "Bags",
      "slug": "bags"
    }
  },
  {
    "model": "catalogue.category",
    "pk": 6,
    "fields": {
      "name": "T-Shirts",
      "slug": "t-shirts"
    }
  },
  {
    "model": "catalogue.category",
    "pk": 7,
    "fields": {
      "name": "Jeans",
      "slug": "jeans"
    }
  },
  {
    "model": "catalogue.category",
    "pk": 8,
    "fields": {
      "name": "Hats",
      "slug": "hats"
    }
  },
  {
    "model": "catalogue.category",
    "pk": 9,
    "fields": {
      "name": "Jackets",
      "slug": "jackets"
    }
  },
  {
    "model": "catalogue.category",
    "pk": 10,
    "fields": {
      "name": "Socks",
      "slug": "socks"
    }
  },
  {
    "model": "catalogue.size",
    "pk": 1,
    "fields": {
      "size": "Small"
    }
  },
  {
    "model": "catalogue.size",
    "pk": 2,
    "fields": {
      "size": "Medium"
    }
  },
  {
    "model": "catalogue.size",
    "pk": 3,
    "fields": {
      "size": "Large"
    }
  },
  {
    "model": "catalogue.size",
    "pk": 4,
    "fields": {
      "size": "X-Large"
    }
  },
  {
    "model": "catalogue.size",
    "pk": 5,
    "fields": {
      "size": "XX-Large"
    }
  },
  {
    "model": "catalogue.product",
    "pk": 1,
    "fields": {
      "name": "Test Product 1",
      "slug": "test-product-1",
      "description": "Test Product 1 description goes here.",
      "price": "41339.14",
      "is_active": true,
      
      "date_created": "2024-08-06T14:56:32.819946Z",
      "category": [
        1,
        3
      ],
      "size": [
        2,
        5
      ]
    }
  },
  {
    "model": "catalogue.stock",
    "pk": 1,
    "fields": {
      "product": 1,
      "qty": 83,
      "units_sold": 10
    }
  },
  {
    "model": "catalogue.product",
    "pk": 2,
    "fields": {
      "name": "Test Product 2",
      "slug": "test-product-2",
      "description": "Test Product 2 description goes here.",
      "price": "33961.37",
      "is_active": true,
      
      "date_created": "2025-03-11T14:56:32.819989Z",
      "category": [
        4
      ],
      "size": [
        2,
        4
      ]
    }
  },
  {
    "model": "catalogue.stock",
    "pk": 2,
    "fields": {
      "product": 2,
      "qty": 92,
      "units_sold": 8
    }
  },
  {
    "model": "catalogue.product",
    "pk": 3,
    "fields": {
      "name": "Test Product 3",
      "slug": "test-product-3",
      "description": "Test Product 3 description goes here.",
      "price": "35331.07",
      "is_active": true,
      
      "date_created": "2025-02-16T14:56:32.820016Z",
      "category": [
        3
      ],
      "size": [
        4
      ]
    }
  },
  {
    "model": "catalogue.stock",
    "pk": 3,
    "fields": {
      "product": 3,
      "qty": 89,
      "units_sold": 7
    }
  },
  {
    "model": "catalogue.product",
    "pk": 4,
    "fields": {
      "name": "Test Product 4",
      "slug": "test-product-4",
      "description": "Test Product 4 description goes here.",
      "price": "28126.04",
      "is_active": true,
      
      "date_created": "2024-11-04T14:56:32.820034Z",
      "category": [
        1,
        10
      ],
      "size": [
        3,
        2
      ]
    }
  },
  {
    "model": "catalogue.stock",
    "pk": 4,
    "fields": {
      "product": 4,
      "qty": 37,
      "units_sold": 0
    }
  },
  {
    "model": "catalogue.product",
    "pk": 5,
    "fields": {
      "name": "Test Product 5",
      "slug": "test-product-5",
      "description": "Test Product 5 description goes here.",
      "price": "22576.54",
      "is_active": true,
      
      "date_created": "2024-08-01T14:56:32.820050Z",
      "category": [
        2
      ],
      "size": [
        4,
        5
      ]
    }
  },
  {
    "model": "catalogue.stock",
    "pk": 5,
    "fields": {
      "product": 5,
      "qty": 10,
      "units_sold": 8
    }
  },
  {
    "model": "catalogue.product",
    "pk": 6,
    "fields": {
      "name": "Test Product 6",
      "slug": "test-product-6",
      "description": "Test Product 6 description goes here.",
      "price": "19982.83",
      "is_active": true,
      
      "date_created": "2025-01-05T14:56:32.820067Z",
      "category": [
        4,
        8
      ],
      "size": [
        5,
        1
      ]
    }
  },
  {
    "model": "catalogue.stock",
    "pk": 6,
    "fields": {
      "product": 6,
      "qty": 17,
      "units_sold": 3
    }
  },
  {
    "model": "catalogue.product",
    "pk": 7,
    "fields": {
      "name": "Test Product 7",
      "slug": "test-product-7",
      "description": "Test Product 7 description goes here.",
      "price": "14477.69",
      "is_active": true,
      
      "date_created": "2025-03-02T14:56:32.820082Z",
      "category": [
        10
      ],
      "size": [
        1,
        4,
        5
      ]
    }
  },
  {
    "model": "catalogue.stock",
    "pk": 7,
    "fields": {
      "product": 7,
      "qty": 20,
      "units_sold": 1
    }
  },
  {
    "model": "catalogue.product",
    "pk": 8,
    "fields": {
      "name": "Test Product 8",
      "slug": "test-product-8",
      "description": "Test Product 8 description goes here.",
      "price": "29221.49",
      "is_active": true,
      
      "date_created": "2025-06-15T14:56:32.820104Z",
      "category": [
        4
      ],
      "size": [
        1,
        5
      ]
    }
  },
  {
    "model": "catalogue.stock",
    "pk": 8,
    "fields": {
      "product": 8,
      "qty": 99,
      "units_sold": 11
    }
  },
  {
    "model": "catalogue.product",
    "pk": 9,
    "fields": {
      "name": "Test Product 9",
      "slug": "test-product-9",
      "description": "Test Product 9 description goes here.",
      "price": "4154.43",
      "is_active": true,
      
      "date_created": "2024-12-06T14:56:32.820122Z",
      "category": [
        6
      ],
      "size": [
        5,
        4
      ]
    }
  },
  {
    "model": "catalogue.stock",
    "pk": 9,
    "fields": {
      "product": 9,
      "qty": 77,
      "units_sold": 4
    }
  },
  {
    "model": "catalogue.product",
    "pk": 10,
    "fields": {
      "name": "Test Product 10",
      "slug": "test-product-10",
      "description": "Test Product 10 description goes here.",
      "price": "37761.5",
      "is_active": true,
      
      "date_created": "2024-08-03T14:56:32.820139Z",
      "category": [
        2
      ],
      "size": [
        2,
        1,
        3
      ]
    }
  },
  {
    "model": "catalogue.stock",
    "pk": 10,
    "fields": {
      "product": 10,
      "qty": 68,
      "units_sold": 9
    }
  },
  {
    "model": "catalogue.product",
    "pk": 11,
    "fields": {
      "name": "Test Product 11",
      "slug": "test-product-11",
      "description": "Test Product 11 description goes here.",
      "price": "27095.89",
      "is_active": true,
      
      "date_created": "2024-10-02T14:56:32.820155Z",
      "category": [
        1
      ],
      "size": [
        3,
        1
      ]
    }
  },
  {
    "model": "catalogue.stock",
    "pk": 11,
    "fields": {
      "product": 11,
      "qty": 54,
      "units_sold": 6
    }
  },
  {
    "model": "catalogue.product",
    "pk": 12,
    "fields": {
      "name": "Test Product 12",
      "slug": "test-product-12",
      "description": "Test Product 12 description goes here.",
      "price": "11391.39",
      "is_active": true,
      
      "date_created": "2024-11-20T14:56:32.820170Z",
      "category": [
        2
      ],
      "size": [
        5,
        3,
        2
      ]
    }
  },
  {
    "model": "catalogue.stock",
    "pk": 12,
    "fields": {
      "product": 12,
      "qty": 41,
      "units_sold": 5
    }
  },
  {
    "model": "catalogue.product",
    "pk": 13,
    "fields": {
      "name": "Test Product 13",
      "slug": "test-product-13",
      "description": "Test Product 13 description goes here.",
      "price": "36637.72",
      "is_active": true,
      
      "date_created": "2024-10-25T14:56:32.820185Z",
      "category": [
        3
      ],
      "size": [
        4,
        5,
        2
      ]
    }
  },
  {
    "model": "catalogue.stock",
    "pk": 13,
    "fields": {
      "product": 13,
      "qty": 22,
      "units_sold": 18
    }
  },
  {
    "model": "catalogue.product",
    "pk": 14,
    "fields": {
      "name": "Test Product 14",
      "slug": "test-product-14",
      "description": "Test Product 14 description goes here.",
      "price": "37189.95",
      "is_active": true,
      
      "date_created": "2024-08-07T14:56:32.820199Z",
      "category": [
        5
      ],
      "size": [
        3,
        2
      ]
    }
  },
  {
    "model": "catalogue.stock",
    "pk": 14,
    "fields": {
      "product": 14,
      "qty": 24,
      "units_sold": 13
    }
  },
  {
    "model": "catalogue.product",
    "pk": 15,
    "fields": {
      "name": "Test Product 15",
      "slug": "test-product-15",
      "description": "Test Product 15 description goes here.",
      "price": "785.96",
      "is_active": true,
      
      "date_created": "2025-04-12T14:56:32.820213Z",
      "category": [
        5
      ],
      "size": [
        2
      ]
    }
  },
  {
    "model": "catalogue.stock",
    "pk": 15,
    "fields": {
      "product": 15,
      "qty": 47,
      "units_sold": 10
    }
  },
  {
    "model": "catalogue.product",
    "pk": 16,
    "fields": {
      "name": "Test Product 16",
      "slug": "test-product-16",
      "description": "Test Product 16 description goes here.",
      "price": "24507.38",
      "is_active": true,
      
      "date_created": "2025-06-05T14:56:32.820227Z",
      "category": [
        4,
        7
      ],
      "size": [
        4,
        1,
        5
      ]
    }
  },
  {
    "model": "catalogue.stock",
    "pk": 16,
    "fields": {
      "product": 16,
      "qty": 39,
      "units_sold": 13
    }
  },
  {
    "model": "catalogue.product",
    "pk": 17,
    "fields": {
      "name": "Test Product 17",
      "slug": "test-product-17",
      "description": "Test Product 17 description goes here.",
      "price": "46917.08",
      "is_active": true,
      
      "date_created": "2024-09-17T14:56:32.820242Z",
      "category": [
        6,
        3
      ],
      "size": [
        1,
        2
      ]
    }
  },
  {
    "model": "catalogue.stock",
    "pk": 17,
    "fields": {
      "product": 17,
      "qty": 12,
      "units_sold": 16
    }
  },
  {
    "model": "catalogue.product",
    "pk": 18,
    "fields": {
      "name": "Test Product 18",
      "slug": "test-product-18",
      "description": "Test Product 18 description goes here.",
      "price": "43047.36",
      "is_active": true,
      
      "date_created": "2024-11-22T14:56:32.820267Z",
      "category": [
        5
      ],
      "size": [
        1,
        3,
        5
      ]
    }
  },
  {
    "model": "catalogue.stock",
    "pk": 18,
    "fields": {
      "product": 18,
      "qty": 40,
      "units_sold": 1
    }
  },
  {
    "model": "catalogue.product",
    "pk": 19,
    "fields": {
      "name": "Test Product 19",
      "slug": "test-product-19",
      "description": "Test Product 19 description goes here.",
      "price": "34379.39",
      "is_active": true,
      
      "date_created": "2024-12-26T14:56:32.820290Z",
      "category": [
        8
      ],
      "size": [
        5
      ]
    }
  },
  {
    "model": "catalogue.stock",
    "pk": 19,
    "fields": {
      "product": 19,
      "qty": 80,
      "units_sold": 3
    }
  },
  {
    "model": "catalogue.product",
    "pk": 20,
    "fields": {
      "name": "Test Product 20",
      "slug": "test-product-20",
      "description": "Test Product 20 description goes here.",
      "price": "36641.16",
      "is_active": true,
      
      "date_created": "2025-03-27T14:56:32.820414Z",
      "category": [
        2
      ],
      "size": [
        1,
        3
      ]
    }
  },
  {
    "model": "catalogue.stock",
    "pk": 20,
    "fields": {
      "product": 20,
      "qty": 84,
      "units_sold": 17
    }
  },
  {
    "model": "catalogue.product",
    "pk": 21,
    "fields": {
      "name": "Test Product 21",
      "slug": "test-product-21",
      "description": "Test Product 21 description goes here.",
      "price": "4204.45",
      "is_active": true,
      
      "date_created": "2025-02-20T14:56:32.820443Z",
      "category": [
        6
      ],
      "size": [
        1
      ]
    }
  },
  {
    "model": "catalogue.stock",
    "pk": 21,
    "fields": {
      "product": 21,
      "qty": 30,
      "units_sold": 17
    }
  },
  {
    "model": "catalogue.product",
    "pk": 22,
    "fields": {
      "name": "Test Product 22",
      "slug": "test-product-22",
      "description": "Test Product 22 description goes here.",
      "price": "16311.46",
      "is_active": true,
      
      "date_created": "2024-10-25T14:56:32.820471Z",
      "category": [
        10,
        4
      ],
      "size": [
        5,
        2
      ]
    }
  },
  {
    "model": "catalogue.stock",
    "pk": 22,
    "fields": {
      "product": 22,
      "qty": 63,
      "units_sold": 9
    }
  },
  {
    "model": "catalogue.product",
    "pk": 23,
    "fields": {
      "name": "Test Product 23",
      "slug": "test-product-23",
      "description": "Test Product 23 description goes here.",
      "price": "26382.31",
      "is_active": true,
      
      "date_created": "2024-09-17T14:56:32.820488Z",
      "category": [
        2
      ],
      "size": [
        1,
        2,
        5
      ]
    }
  },
  {
    "model": "catalogue.stock",
    "pk": 23,
    "fields": {
      "product": 23,
      "qty": 30,
      "units_sold": 8
    }
  },
  {
    "model": "catalogue.product",
    "pk": 24,
    "fields": {
      "name": "Test Product 24",
      "slug": "test-product-24",
      "description": "Test Product 24 description goes here.",
      "price": "33221.63",
      "is_active": true,
      
      "date_created": "2024-12-14T14:56:32.820505Z",
      "category": [
        5,
        8
      ],
      "size": [
        4
      ]
    }
  },
  {
    "model": "catalogue.stock",
    "pk": 24,
    "fields": {
      "product": 24,
      "qty": 69,
      "units_sold": 2
    }
  },
  {
    "model": "catalogue.product",
    "pk": 25,
    "fields": {
      "name": "Test Product 25",
      "slug": "test-product-25",
      "description": "Test Product 25 description goes here.",
      "price": "36444.35",
      "is_active": true,
      
      "date_created": "2025-04-15T14:56:32.820520Z",
      "category": [
        2,
        6
      ],
      "size": [
        3,
        2
      ]
    }
  },
  {
    "model": "catalogue.stock",
    "pk": 25,
    "fields": {
      "product": 25,
      "qty": 92,
      "units_sold": 11
    }
  },
  {
    "model": "catalogue.product",
    "pk": 26,
    "fields": {
      "name": "Test Product 26",
      "slug": "test-product-26",
      "description": "Test Product 26 description goes here.",
      "price": "12685.45",
      "is_active": true,
      
      "date_created": "2024-09-26T14:56:32.820534Z",
      "category": [
        8
      ],
      "size": [
        1
      ]
    }
  },
  {
    "model": "catalogue.stock",
    "pk": 26,
    "fields": {
      "product": 26,
      "qty": 34,
      "units_sold": 2
    }
  },
  {
    "model": "catalogue.product",
    "pk": 27,
    "fields": {
      "name": "Test Product 27",
      "slug": "test-product-27",
      "description": "Test Product 27 description goes here.",
      "price": "11109.83",
      "is_active": true,
      
      "date_created": "2025-03-23T14:56:32.820548Z",
      "category": [
        9,
        7
      ],
      "size": [
        3,
        4
      ]
    }
  },
  {
    "model": "catalogue.stock",
    "pk": 27,
    "fields": {
      "product": 27,
      "qty": 11,
      "units_sold": 18
    }
  },
  {
    "model": "catalogue.product",
    "pk": 28,
    "fields": {
      "name": "Test Product 28",
      "slug": "test-product-28",
      "description": "Test Product 28 description goes here.",
      "price": "8606.73",
      "is_active": true,
      
      "date_created": "2025-02-14T14:56:32.820562Z",
      "category": [
        5,
        6
      ],
      "size": [
        5,
        1
      ]
    }
  },
  {
    "model": "catalogue.stock",
    "pk": 28,
    "fields": {
      "product": 28,
      "qty": 83,
      "units_sold": 18
    }
  },
  {
    "model": "catalogue.product",
    "pk": 29,
    "fields": {
      "name": "Test Product 29",
      "slug": "test-product-29",
      "description": "Test Product 29 description goes here.",
      "price": "12339.18",
      "is_active": true,
      
      "date_created": "2024-11-11T14:56:32.820584Z",
      "category": [
        2
      ],
      "size": [
        2
      ]
    }
  },
  {
    "model": "catalogue.stock",
    "pk": 29,
    "fields": {
      "product": 29,
      "qty": 46,
      "units_sold": 7
    }
  },
  {
    "model": "catalogue.product",
    "pk": 30,
    "fields": {
      "name": "Test Product 30",
      "slug": "test-product-30",
      "description": "Test Product 30 description goes here.",
      "price": "2584.34",
      "is_active": true,
      
      "date_created": "2024-09-06T14:56:32.820599Z",
      "category": [
        10
      ],
      "size": [
        5,
        1,
        2
      ]
    }
  },
  {
    "model": "catalogue.stock",
    "pk": 30,
    "fields": {
      "product": 30,
      "qty": 33,
      "units_sold": 0
    }
  },
  {
    "model": "catalogue.product",
    "pk": 31,
    "fields": {
      "name": "Test Product 31",
      "slug": "test-product-31",
      "description": "Test Product 31 description goes here.",
      "price": "24623.08",
      "is_active": true,
      
      "date_created": "2024-09-14T14:56:32.820614Z",
      "category": [
        3
      ],
      "size": [
        2,
        5
      ]
    }
  },
  {
    "model": "catalogue.stock",
    "pk": 31,
    "fields": {
      "product": 31,
      "qty": 66,
      "units_sold": 20
    }
  },
  {
    "model": "catalogue.product",
    "pk": 32,
    "fields": {
      "name": "Test Product 32",
      "slug": "test-product-32",
      "description": "Test Product 32 description goes here.",
      "price": "20520.62",
      "is_active": true,
      
      "date_created": "2024-10-19T14:56:32.820628Z",
      "category": [
        5,
        8
      ],
      "size": [
        4
      ]
    }
  },
  {
    "model": "catalogue.stock",
    "pk": 32,
    "fields": {
      "product": 32,
      "qty": 79,
      "units_sold": 9
    }
  },
  {
    "model": "catalogue.product",
    "pk": 33,
    "fields": {
      "name": "Test Product 33",
      "slug": "test-product-33",
      "description": "Test Product 33 description goes here.",
      "price": "20314.47",
      "is_active": true,
      
      "date_created": "2025-05-09T14:56:32.820642Z",
      "category": [
        6,
        2
      ],
      "size": [
        4,
        2,
        5
      ]
    }
  },
  {
    "model": "catalogue.stock",
    "pk": 33,
    "fields": {
      "product": 33,
      "qty": 27,
      "units_sold": 16
    }
  },
  {
    "model": "catalogue.product",
    "pk": 34,
    "fields": {
      "name": "Test Product 34",
      "slug": "test-product-34",
      "description": "Test Product 34 description goes here.",
      "price": "30618.28",
      "is_active": true,
      
      "date_created": "2024-08-18T14:56:32.820657Z",
      "category": [
        6,
        1
      ],
      "size": [
        1,
        3,
        4
      ]
    }
  },
  {
    "model": "catalogue.stock",
    "pk": 34,
    "fields": {
      "product": 34,
      "qty": 28,
      "units_sold": 7
    }
  },
  {
    "model": "catalogue.product",
    "pk": 35,
    "fields": {
      "name": "Test Product 35",
      "slug": "test-product-35",
      "description": "Test Product 35 description goes here.",
      "price": "5516.21",
      "is_active": true,
      
      "date_created": "2024-11-09T14:56:32.820672Z",
      "category": [
        5
      ],
      "size": [
        2,
        5
      ]
    }
  },
  {
    "model": "catalogue.stock",
    "pk": 35,
    "fields": {
      "product": 35,
      "qty": 73,
      "units_sold": 5
    }
  },
  {
    "model": "catalogue.product",
    "pk": 36,
    "fields": {
      "name": "Test Product 36",
      "slug": "test-product-36",
      "description": "Test Product 36 description goes here.",
      "price": "49613.49",
      "is_active": true,
      
      "date_created": "2024-11-07T14:56:32.820687Z",
      "category": [
        9,
        5
      ],
      "size": [
        2,
        5,
        1
      ]
    }
  },
  {
    "model": "catalogue.stock",
    "pk": 36,
    "fields": {
      "product": 36,
      "qty": 18,
      "units_sold": 7
    }
  },
  {
    "model": "catalogue.product",
    "pk": 37,
    "fields": {
      "name": "Test Product 37",
      "slug": "test-product-37",
      "description": "Test Product 37 description goes here.",
      "price": "4025.31",
      "is_active": true,
      
      "date_created": "2025-02-09T14:56:32.820710Z",
      "category": [
        1
      ],
      "size": [
        4
      ]
    }
  },
  {
    "model": "catalogue.stock",
    "pk": 37,
    "fields": {
      "product": 37,
      "qty": 71,
      "units_sold": 9
    }
  },
  {
    "model": "catalogue.product",
    "pk": 38,
    "fields": {
      "name": "Test Product 38",
      "slug": "test-product-38",
      "description": "Test Product 38 description goes here.",
      "price": "27048.22",
      "is_active": true,
      
      "date_created": "2024-12-09T14:56:32.820733Z",
      "category": [
        6
      ],
      "size": [
        3,
        5,
        4
      ]
    }
  },
  {
    "model": "catalogue.stock",
    "pk": 38,
    "fields": {
      "product": 38,
      "qty": 34,
      "units_sold": 4
    }
  },
  {
    "model": "catalogue.product",
    "pk": 39,
    "fields": {
      "name": "Test Product 39",
      "slug": "test-product-39",
      "description": "Test Product 39 description goes here.",
      "price": "24437.16",
      "is_active": true,
      
      "date_created": "2025-06-10T14:56:32.820747Z",
      "category": [
        4
      ],
      "size": [
        1,
        3
      ]
    }
  },
  {
    "model": "catalogue.stock",
    "pk": 39,
    "fields": {
      "product": 39,
      "qty": 68,
      "units_sold": 14
    }
  },
  {
    "model": "catalogue.product",
    "pk": 40,
    "fields": {
      "name": "Test Product 40",
      "slug": "test-product-40",
      "description": "Test Product 40 description goes here.",
      "price": "27400.34",
      "is_active": true,
      
      "date_created": "2024-08-08T14:56:32.820761Z",
      "category": [
        5
      ],
      "size": [
        1,
        5
      ]
    }
  },
  {
    "model": "catalogue.stock",
    "pk": 40,
    "fields": {
      "product": 40,
      "qty": 62,
      "units_sold": 13
    }
  },
  {
    "model": "catalogue.product",
    "pk": 41,
    "fields": {
      "name": "Test Product 41",
      "slug": "test-product-41",
      "description": "Test Product 41 description goes here.",
      "price": "33700.94",
      "is_active": true,
      
      "date_created": "2024-07-20T14:56:32.820778Z",
      "category": [
        7,
        3
      ],
      "size": [
        4,
        1,
        5
      ]
    }
  },
  {
    "model": "catalogue.stock",
    "pk": 41,
    "fields": {
      "product": 41,
      "qty": 90,
      "units_sold": 12
    }
  },
  {
    "model": "catalogue.product",
    "pk": 42,
    "fields": {
      "name": "Test Product 42",
      "slug": "test-product-42",
      "description": "Test Product 42 description goes here.",
      "price": "42466.9",
      "is_active": true,
      
      "date_created": "2025-04-28T14:56:32.820797Z",
      "category": [
        2
      ],
      "size": [
        5,
        3,
        4
      ]
    }
  },
  {
    "model": "catalogue.stock",
    "pk": 42,
    "fields": {
      "product": 42,
      "qty": 41,
      "units_sold": 3
    }
  },
  {
    "model": "catalogue.product",
    "pk": 43,
    "fields": {
      "name": "Test Product 43",
      "slug": "test-product-43",
      "description": "Test Product 43 description goes here.",
      "price": "1339.26",
      "is_active": true,
      
      "date_created": "2025-02-12T14:56:32.820830Z",
      "category": [
        10
      ],
      "size": [
        4
      ]
    }
  },
  {
    "model": "catalogue.stock",
    "pk": 43,
    "fields": {
      "product": 43,
      "qty": 64,
      "units_sold": 10
    }
  },
  {
    "model": "catalogue.product",
    "pk": 44,
    "fields": {
      "name": "Test Product 44",
      "slug": "test-product-44",
      "description": "Test Product 44 description goes here.",
      "price": "6797.74",
      "is_active": true,
      
      "date_created": "2024-10-14T14:56:32.820958Z",
      "category": [
        7
      ],
      "size": [
        1,
        5
      ]
    }
  },
  {
    "model": "catalogue.stock",
    "pk": 44,
    "fields": {
      "product": 44,
      "qty": 48,
      "units_sold": 0
    }
  },
  {
    "model": "catalogue.product",
    "pk": 45,
    "fields": {
      "name": "Test Product 45",
      "slug": "test-product-45",
      "description": "Test Product 45 description goes here.",
      "price": "5131.52",
      "is_active": true,
      
      "date_created": "2025-06-19T14:56:32.820986Z",
      "category": [
        6,
        5
      ],
      "size": [
        4
      ]
    }
  },
  {
    "model": "catalogue.stock",
    "pk": 45,
    "fields": {
      "product": 45,
      "qty": 15,
      "units_sold": 17
    }
  },
  {
    "model": "catalogue.product",
    "pk": 46,
    "fields": {
      "name": "Test Product 46",
      "slug": "test-product-46",
      "description": "Test Product 46 description goes here.",
      "price": "36274.53",
      "is_active": true,
      
      "date_created": "2024-11-16T14:56:32.821012Z",
      "category": [
        3,
        2
      ],
      "size": [
        5,
        4,
        1
      ]
    }
  },
  {
    "model": "catalogue.stock",
    "pk": 46,
    "fields": {
      "product": 46,
      "qty": 17,
      "units_sold": 6
    }
  },
  {
    "model": "catalogue.product",
    "pk": 47,
    "fields": {
      "name": "Test Product 47",
      "slug": "test-product-47",
      "description": "Test Product 47 description goes here.",
      "price": "44447.73",
      "is_active": true,
      
      "date_created": "2025-01-04T14:56:32.821034Z",
      "category": [
        8,
        4
      ],
      "size": [
        2,
        3,
        5
      ]
    }
  },
  {
    "model": "catalogue.stock",
    "pk": 47,
    "fields": {
      "product": 47,
      "qty": 86,
      "units_sold": 20
    }
  },
  {
    "model": "catalogue.product",
    "pk": 48,
    "fields": {
      "name": "Test Product 48",
      "slug": "test-product-48",
      "description": "Test Product 48 description goes here.",
      "price": "1282.27",
      "is_active": true,
      
      "date_created": "2025-03-14T14:56:32.821067Z",
      "category": [
        3
      ],
      "size": [
        3,
        5,
        2
      ]
    }
  },
  {
    "model": "catalogue.stock",
    "pk": 48,
    "fields": {
      "product": 48,
      "qty": 31,
      "units_sold": 6
    }
  },
  {
    "model": "catalogue.product",
    "pk": 49,
    "fields": {
      "name": "Test Product 49",
      "slug": "test-product-49",
      "description": "Test Product 49 description goes here.",
      "price": "38288.73",
      "is_active": true,
      
      "date_created": "2025-01-24T14:56:32.821088Z",
      "category": [
        5
      ],
      "size": [
        3,
        2
      ]
    }
  },
  {
    "model": "catalogue.stock",
    "pk": 49,
    "fields": {
      "product": 49,
      "qty": 21,
      "units_sold": 17
    }
  },
  {
    "model": "catalogue.product",
    "pk": 50,
    "fields": {
      "name": "Test Product 50",
      "slug": "test-product-50",
      "description": "Test Product 50 description goes here.",
      "price": "1724.81",
      "is_active": true,
      
      "date_created": "2025-06-23T14:56:32.821109Z",
      "category": [
        3
      ],
      "size": [
        5,
        2
      ]
    }
  },
  {
    "model": "catalogue.stock",
    "pk": 50,
    "fields": {
      "product": 50,
      "qty": 32,
      "units_sold": 10
    }
  }
]